Time,Station,Platform,Platform Footfall,Overall Footfall,Congestion Level,Entry Count,Exit Count,Peak Hours
2025-02-23 12:00:00,Chennai Central,5,884,2852,Low,7969,6027,Evening
2025-02-23 12:10:00,Chennai Central,3,1188,764,Low,5011,7651,Evening
2025-02-23 12:20:00,Chennai Central,2,1061,824,High,6110,7012,Morning
2025-02-23 12:30:00,Chennai Central,1,1013,4062,Low,8762,3511,Evening
2025-02-23 12:40:00,Chennai Central,1,1772,3102,High,1321,9882,Night
2025-02-23 12:50:00,Howrah,5,1480,4517,High,5738,8798,Morning
2025-02-23 13:00:00,New Delhi,2,1721,3766,Low,6971,3950,Night
2025-02-23 13:10:00,Howrah,1,1448,2819,Medium,8271,4796,Night
2025-02-23 13:20:00,Bangalore City,4,1300,4737,Low,995,5605,Morning
2025-02-23 13:30:00,New Delhi,1,1774,3626,High,5231,6036,Afternoon
2025-02-23 13:40:00,New Delhi,1,1064,3335,Medium,2721,7170,Afternoon
2025-02-23 13:50:00,Howrah,3,712,1480,Low,7292,6386,Morning
2025-02-23 14:00:00,New Delhi,5,1888,4705,Low,5413,4473,Night
2025-02-23 14:10:00,Bangalore City,2,635,3170,High,1972,4860,Morning
2025-02-23 14:20:00,Chennai Central,1,1452,4053,High,6331,6750,Afternoon
2025-02-23 14:30:00,Chennai Central,1,1829,4559,Medium,4979,7474,Afternoon
2025-02-23 14:40:00,Mumbai CST,3,1549,4029,Low,9596,7903,Afternoon
2025-02-23 14:50:00,Howrah,3,1383,4627,High,1497,1059,Evening
2025-02-23 15:00:00,Mumbai CST,4,719,4489,Medium,1041,8364,Morning
2025-02-23 15:10:00,Chennai Central,2,956,2608,Medium,1420,471,Afternoon
2025-02-23 15:20:00,New Delhi,4,1581,1810,High,4202,1288,Night
2025-02-23 15:30:00,New Delhi,2,838,800,High,4338,8569,Morning
2025-02-23 15:40:00,Howrah,1,757,3178,Low,3392,6398,Evening
2025-02-23 15:50:00,Howrah,1,1193,2529,Medium,6583,9548,Evening
2025-02-23 16:00:00,Chennai Central,5,992,3976,High,4278,8930,Afternoon
2025-02-23 16:10:00,Mumbai CST,2,808,4848,Medium,8408,3689,Afternoon
2025-02-23 16:20:00,New Delhi,4,1328,4688,High,1159,3465,Night
2025-02-23 16:30:00,Bangalore City,1,970,3522,Low,938,5109,Evening
2025-02-23 16:40:00,Howrah,2,1456,3369,Low,3458,2297,Night
2025-02-23 16:50:00,New Delhi,4,1078,1427,High,6626,1435,Afternoon
2025-02-23 17:00:00,Mumbai CST,5,1588,3642,High,1921,5191,Evening
2025-02-23 17:10:00,Bangalore City,3,967,1886,High,6993,3528,Morning
2025-02-23 17:20:00,Bangalore City,3,1772,4774,Medium,9911,4733,Morning
2025-02-23 17:30:00,Mumbai CST,5,1831,1418,High,7924,8971,Morning
2025-02-23 17:40:00,New Delhi,4,1680,3453,Low,9659,3973,Night
2025-02-23 17:50:00,Mumbai CST,5,1964,3726,Medium,4297,9071,Afternoon
2025-02-23 18:00:00,New Delhi,4,800,2451,High,1856,2654,Evening
2025-02-23 18:10:00,New Delhi,2,820,1786,Low,6458,6564,Morning
2025-02-23 18:20:00,Howrah,3,1685,3931,High,7899,1394,Evening
2025-02-23 18:30:00,New Delhi,1,1441,4163,Low,8609,2365,Afternoon
2025-02-23 18:40:00,New Delhi,1,568,2856,Low,4483,8707,Evening
2025-02-23 18:50:00,New Delhi,2,842,3684,Low,6059,6291,Evening
2025-02-23 19:00:00,Mumbai CST,3,1193,3096,Medium,3040,7745,Morning
2025-02-23 19:10:00,Bangalore City,1,572,735,Low,9886,860,Evening
2025-02-23 19:20:00,New Delhi,1,1423,644,Low,7911,723,Morning
2025-02-23 19:30:00,Howrah,3,1689,4293,Low,3121,4575,Afternoon
2025-02-23 19:40:00,Chennai Central,3,1618,4797,High,3624,9558,Night
2025-02-23 19:50:00,New Delhi,4,969,4383,High,9597,3624,Evening
2025-02-23 20:00:00,Mumbai CST,2,854,2608,Low,3350,750,Afternoon
2025-02-23 20:10:00,Chennai Central,4,1213,4786,High,4764,8994,Morning
2025-02-23 20:20:00,New Delhi,2,1915,1870,High,9012,5487,Afternoon
2025-02-23 20:30:00,Bangalore City,4,502,1239,High,1759,8192,Evening
2025-02-23 20:40:00,Howrah,2,1637,1816,High,3798,6771,Evening
2025-02-23 20:50:00,Mumbai CST,3,1094,1624,High,7277,6864,Night
2025-02-23 21:00:00,Chennai Central,2,552,3655,Low,9331,800,Night
2025-02-23 21:10:00,Howrah,5,1645,989,Medium,1245,341,Evening
2025-02-23 21:20:00,New Delhi,5,601,3286,High,5483,4301,Morning
2025-02-23 21:30:00,New Delhi,5,1943,4490,Medium,6171,9237,Evening
2025-02-23 21:40:00,New Delhi,3,1099,1214,High,8867,8193,Morning
2025-02-23 21:50:00,Bangalore City,2,1125,3575,Medium,5770,6730,Night
2025-02-23 22:00:00,Chennai Central,2,1704,1393,High,6011,5705,Evening
2025-02-23 22:10:00,Mumbai CST,5,1368,3270,Low,4199,925,Morning
2025-02-23 22:20:00,New Delhi,4,1393,1055,Low,940,2037,Afternoon
2025-02-23 22:30:00,Bangalore City,2,1791,1610,High,6526,4877,Morning
2025-02-23 22:40:00,Chennai Central,1,699,3364,High,5228,5830,Evening
2025-02-23 22:50:00,Bangalore City,2,510,2709,Medium,9074,8526,Afternoon
2025-02-23 23:00:00,New Delhi,1,818,780,Low,666,4289,Morning
2025-02-23 23:10:00,Howrah,3,507,2917,Medium,1975,8097,Morning
2025-02-23 23:20:00,Howrah,2,688,4451,Low,3272,1092,Evening
2025-02-23 23:30:00,Howrah,1,1446,3928,Medium,2963,2549,Morning
2025-02-23 23:40:00,Howrah,2,1874,1520,Medium,3718,5988,Night
2025-02-23 23:50:00,Bangalore City,4,928,2672,Low,6124,1304,Afternoon
2025-02-24 00:00:00,Chennai Central,2,1422,4032,Medium,4697,1814,Night
2025-02-24 00:10:00,Chennai Central,4,950,3861,Medium,6731,424,Evening
2025-02-24 00:20:00,Chennai Central,3,1142,4477,Low,1219,7995,Evening
2025-02-24 00:30:00,Chennai Central,3,1101,1391,Medium,5405,4020,Night
2025-02-24 00:40:00,Mumbai CST,5,1921,4161,Medium,1054,6766,Morning
2025-02-24 00:50:00,Howrah,5,524,1341,Low,1761,1993,Afternoon
2025-02-24 01:00:00,Bangalore City,3,1189,4083,High,4870,5808,Night
2025-02-24 01:10:00,New Delhi,4,1381,3348,Low,5619,1105,Afternoon
2025-02-24 01:20:00,New Delhi,1,1476,3497,Medium,4483,5452,Afternoon
2025-02-24 01:30:00,Howrah,1,1519,4122,High,9877,7580,Night
2025-02-24 01:40:00,New Delhi,1,1277,3904,High,7164,8564,Morning
2025-02-24 01:50:00,Mumbai CST,1,604,2853,High,4686,6262,Afternoon
2025-02-24 02:00:00,Howrah,4,1959,1593,High,9949,9868,Evening
2025-02-24 02:10:00,Chennai Central,5,569,3670,Medium,7628,7920,Night
2025-02-24 02:20:00,Bangalore City,2,827,650,Medium,9195,2207,Evening
2025-02-24 02:30:00,Howrah,5,1466,2466,Medium,5162,8209,Evening
2025-02-24 02:40:00,New Delhi,5,789,4739,Low,5193,3638,Night
2025-02-24 02:50:00,Chennai Central,1,696,2601,Low,9460,2976,Morning
2025-02-24 03:00:00,Mumbai CST,3,1846,3588,High,7931,5509,Evening
2025-02-24 03:10:00,Howrah,4,1553,773,High,8593,6067,Evening
2025-02-24 03:20:00,Bangalore City,3,1434,1547,Medium,7820,8622,Evening
2025-02-24 03:30:00,Mumbai CST,2,849,1214,Low,8439,5206,Evening
2025-02-24 03:40:00,New Delhi,5,1292,2761,High,919,3214,Night
2025-02-24 03:50:00,New Delhi,1,1564,4073,Medium,748,6562,Night
2025-02-24 04:00:00,Howrah,5,902,3211,Low,761,5041,Afternoon
2025-02-24 04:10:00,Bangalore City,2,1003,1214,Low,8717,6042,Afternoon
2025-02-24 04:20:00,Chennai Central,4,1000,2519,Low,9240,649,Night
2025-02-24 04:30:00,Howrah,2,1166,2771,High,9087,7325,Night
2025-02-24 04:40:00,Mumbai CST,5,1570,4086,High,2548,1027,Evening
2025-02-24 04:50:00,Mumbai CST,1,1527,4810,Medium,966,5112,Morning
2025-02-24 05:00:00,Chennai Central,4,1699,640,Medium,5657,5220,Evening
2025-02-24 05:10:00,Chennai Central,3,927,4231,High,7883,8821,Afternoon
2025-02-24 05:20:00,New Delhi,5,1964,2585,High,9680,8903,Afternoon
2025-02-24 05:30:00,Chennai Central,5,1436,1567,Medium,7010,3952,Morning
2025-02-24 05:40:00,Mumbai CST,4,837,4524,High,8151,5065,Morning
2025-02-24 05:50:00,New Delhi,1,1611,2830,Medium,7805,1376,Afternoon
2025-02-24 06:00:00,Mumbai CST,1,1058,4633,High,1897,369,Morning
2025-02-24 06:10:00,Bangalore City,1,824,4783,Low,1114,9181,Night
2025-02-24 06:20:00,Mumbai CST,4,560,2497,Low,9079,8154,Night
2025-02-24 06:30:00,Mumbai CST,3,1501,1425,Low,588,4533,Afternoon
2025-02-24 06:40:00,Bangalore City,3,1633,4143,Medium,5566,7464,Evening
2025-02-24 06:50:00,Mumbai CST,1,1968,1751,Low,9908,4545,Evening
2025-02-24 07:00:00,Bangalore City,5,1161,2276,High,7881,2812,Afternoon
2025-02-24 07:10:00,Chennai Central,2,1478,2837,Medium,2019,2807,Morning
2025-02-24 07:20:00,Howrah,2,696,1538,Medium,986,150,Afternoon
2025-02-24 07:30:00,Howrah,1,1977,4756,Medium,1995,1295,Morning
2025-02-24 07:40:00,Mumbai CST,1,1721,3008,Low,4413,2918,Morning
2025-02-24 07:50:00,New Delhi,2,1816,1149,Medium,3937,8483,Afternoon
2025-02-24 08:00:00,Howrah,1,1822,3141,High,7563,8851,Evening
2025-02-24 08:10:00,Bangalore City,2,605,2836,Low,6256,1455,Night
2025-02-24 08:20:00,Howrah,2,812,4313,High,6235,4636,Night
2025-02-24 08:30:00,Mumbai CST,1,994,3100,Medium,5596,9953,Evening
2025-02-24 08:40:00,Chennai Central,5,1744,2156,Low,5830,9346,Morning
2025-02-24 08:50:00,New Delhi,4,693,4669,Medium,9052,6396,Evening
2025-02-24 09:00:00,New Delhi,3,1331,4745,Medium,8455,549,Night
2025-02-24 09:10:00,New Delhi,5,608,2092,Low,5948,1245,Evening
2025-02-24 09:20:00,Bangalore City,2,1119,2244,Medium,9660,353,Morning
2025-02-24 09:30:00,New Delhi,1,620,2798,High,2432,911,Afternoon
2025-02-24 09:40:00,Bangalore City,3,802,554,Medium,5551,756,Evening
2025-02-24 09:50:00,Howrah,2,1763,3993,Medium,7961,6434,Morning
2025-02-24 10:00:00,New Delhi,4,703,1597,Medium,9169,6478,Night
2025-02-24 10:10:00,Chennai Central,3,926,4030,High,8542,4775,Night
2025-02-24 10:20:00,Chennai Central,2,966,2724,High,503,4805,Night
2025-02-24 10:30:00,Bangalore City,3,1560,1447,Medium,7024,9349,Night
2025-02-24 10:40:00,Chennai Central,4,1577,783,Medium,2198,990,Evening
2025-02-24 10:50:00,Howrah,2,1887,4981,Medium,780,3246,Afternoon
2025-02-24 11:00:00,Mumbai CST,1,1800,3425,Low,2828,9411,Evening
2025-02-24 11:10:00,Bangalore City,2,935,1431,High,2130,6964,Morning
2025-02-24 11:20:00,Bangalore City,4,1284,4146,High,4315,3069,Night
2025-02-24 11:30:00,Howrah,5,1256,3696,Low,9357,7597,Evening
2025-02-24 11:40:00,Bangalore City,1,1057,4759,High,8929,2967,Afternoon
2025-02-24 11:50:00,Mumbai CST,2,978,1661,Medium,7631,7343,Morning
2025-02-24 12:00:00,Chennai Central,1,1926,2856,Low,3553,7530,Evening
2025-02-24 12:10:00,Bangalore City,2,1570,4432,High,1188,2740,Night
2025-02-24 12:20:00,Bangalore City,1,1662,3118,Medium,9745,9177,Afternoon
2025-02-24 12:30:00,Howrah,2,1703,4135,Medium,3779,3559,Morning
2025-02-24 12:40:00,Chennai Central,2,1819,2133,Medium,2478,422,Night
2025-02-24 12:50:00,Howrah,2,761,1713,High,9842,4356,Night
2025-02-24 13:00:00,Bangalore City,2,1597,1267,Medium,4808,9467,Morning
2025-02-24 13:10:00,Bangalore City,1,656,4594,High,7774,4299,Night
2025-02-24 13:20:00,Chennai Central,5,634,3560,High,7496,2117,Morning
2025-02-24 13:30:00,Bangalore City,3,1337,1372,High,9382,7126,Morning
2025-02-24 13:40:00,Bangalore City,2,1215,3301,Low,7769,9011,Morning
2025-02-24 13:50:00,Howrah,2,1508,2700,Low,914,8772,Evening
2025-02-24 14:00:00,New Delhi,1,1620,884,High,7229,8347,Afternoon
2025-02-24 14:10:00,Mumbai CST,5,530,2680,High,9378,3487,Morning
2025-02-24 14:20:00,New Delhi,5,1974,1802,High,5679,5400,Evening
2025-02-24 14:30:00,Howrah,5,679,2041,Low,7769,741,Morning
2025-02-24 14:40:00,Chennai Central,4,543,3483,High,3307,7806,Night
2025-02-24 14:50:00,Mumbai CST,2,1831,3858,Low,4844,2766,Afternoon
2025-02-24 15:00:00,Chennai Central,2,1952,4620,Low,795,4242,Evening
2025-02-24 15:10:00,Mumbai CST,3,1492,3401,High,7714,9407,Morning
2025-02-24 15:20:00,Bangalore City,4,809,3571,Low,9313,1734,Night
2025-02-24 15:30:00,Howrah,5,860,1854,Medium,2435,5135,Afternoon
2025-02-24 15:40:00,Chennai Central,3,1288,3224,High,3599,3977,Night
2025-02-24 15:50:00,Chennai Central,5,851,1262,Low,4661,3089,Afternoon
2025-02-24 16:00:00,Mumbai CST,5,1851,4968,Low,2766,3392,Morning
2025-02-24 16:10:00,New Delhi,3,1396,4830,Medium,9543,4002,Night
2025-02-24 16:20:00,Howrah,5,554,3034,Low,1844,6519,Morning
2025-02-24 16:30:00,New Delhi,4,1856,1018,Low,2656,1746,Evening
2025-02-24 16:40:00,Howrah,4,1680,852,High,1394,6316,Evening
2025-02-24 16:50:00,Chennai Central,3,1332,3841,High,2608,2455,Morning
2025-02-24 17:00:00,Howrah,1,510,3919,Medium,5935,8220,Night
2025-02-24 17:10:00,Mumbai CST,3,1564,3044,Medium,6708,8168,Night
2025-02-24 17:20:00,Howrah,2,928,4259,High,7336,5815,Morning
2025-02-24 17:30:00,Chennai Central,1,1973,2884,High,6363,9903,Evening
2025-02-24 17:40:00,New Delhi,5,648,3867,High,2917,9888,Afternoon
2025-02-24 17:50:00,Chennai Central,3,1970,3313,High,8607,6247,Morning
2025-02-24 18:00:00,Bangalore City,4,995,3461,Low,5755,4594,Evening
2025-02-24 18:10:00,New Delhi,5,602,3496,Medium,8916,687,Night
2025-02-24 18:20:00,Bangalore City,2,761,3747,Medium,9800,6495,Morning
2025-02-24 18:30:00,Chennai Central,5,1017,3215,High,3447,2189,Afternoon
2025-02-24 18:40:00,Howrah,5,614,2001,Medium,1069,8015,Afternoon
2025-02-24 18:50:00,New Delhi,2,1397,2301,Medium,7169,2720,Evening
2025-02-24 19:00:00,New Delhi,5,1354,1205,High,1324,9065,Afternoon
2025-02-24 19:10:00,New Delhi,3,1360,4262,Medium,790,8233,Afternoon
2025-02-24 19:20:00,Howrah,2,899,4374,Low,9881,1602,Morning
2025-02-24 19:30:00,New Delhi,2,1444,4737,High,5949,5493,Morning
2025-02-24 19:40:00,Mumbai CST,5,1959,3767,Medium,9057,9299,Afternoon
2025-02-24 19:50:00,Chennai Central,3,1654,2238,Low,2716,5211,Evening
2025-02-24 20:00:00,Mumbai CST,4,1891,1955,High,765,5954,Morning
2025-02-24 20:10:00,Mumbai CST,5,783,955,High,7703,4407,Evening
2025-02-24 20:20:00,New Delhi,3,1625,3956,Medium,7173,2248,Afternoon
2025-02-24 20:30:00,Mumbai CST,1,1016,3429,High,1335,3192,Morning
2025-02-24 20:40:00,Bangalore City,5,619,4047,Low,3278,1316,Morning
2025-02-24 20:50:00,Howrah,2,861,3197,High,5758,1191,Afternoon
2025-02-24 21:00:00,Mumbai CST,5,609,1806,High,8957,3002,Night
2025-02-24 21:10:00,Chennai Central,1,1306,4739,Medium,1760,3889,Night
2025-02-24 21:20:00,Bangalore City,1,1666,4870,Low,9458,6600,Evening
2025-02-24 21:30:00,Mumbai CST,2,1230,1658,Low,6748,5904,Afternoon
2025-02-24 21:40:00,New Delhi,4,1918,4293,High,7412,7921,Morning
2025-02-24 21:50:00,Bangalore City,4,928,1038,Low,8801,4989,Afternoon
2025-02-24 22:00:00,Howrah,4,1869,1559,Low,6837,9763,Evening
2025-02-24 22:10:00,Howrah,3,1705,3344,Low,8019,2892,Afternoon
2025-02-24 22:20:00,Chennai Central,4,1693,4754,Low,8062,7392,Evening
2025-02-24 22:30:00,Howrah,2,1214,2990,High,4108,5924,Evening
2025-02-24 22:40:00,Chennai Central,3,1343,1608,Low,7070,9519,Morning
2025-02-24 22:50:00,Howrah,2,1563,4761,Medium,5539,9414,Afternoon
2025-02-24 23:00:00,Howrah,3,854,2272,High,4171,324,Morning
2025-02-24 23:10:00,Bangalore City,4,597,1451,Low,3875,4796,Afternoon
2025-02-24 23:20:00,New Delhi,3,1040,4409,Low,2327,198,Night
2025-02-24 23:30:00,New Delhi,5,1810,4590,Medium,8136,7448,Evening
2025-02-24 23:40:00,Bangalore City,1,1973,4493,Medium,3499,8949,Afternoon
2025-02-24 23:50:00,Chennai Central,3,1923,4470,Low,5752,1144,Afternoon
2025-02-25 00:00:00,Mumbai CST,2,1522,2322,High,3530,9163,Morning
2025-02-25 00:10:00,New Delhi,5,655,1876,Medium,2980,4346,Afternoon
2025-02-25 00:20:00,Howrah,4,829,1953,High,8150,3775,Afternoon
2025-02-25 00:30:00,Mumbai CST,3,1232,1558,Medium,877,9076,Night
2025-02-25 00:40:00,Bangalore City,1,795,4122,High,1050,6134,Night
2025-02-25 00:50:00,Howrah,5,1921,3328,Medium,6814,1083,Night
2025-02-25 01:00:00,Chennai Central,5,699,1808,Low,3467,6488,Morning
2025-02-25 01:10:00,Chennai Central,1,1523,4505,Medium,2002,6383,Afternoon
2025-02-25 01:20:00,Chennai Central,1,1251,1545,Medium,2256,5482,Afternoon
2025-02-25 01:30:00,New Delhi,2,647,4854,High,505,4809,Evening
2025-02-25 01:40:00,Bangalore City,1,1942,3050,Medium,1257,4357,Evening
2025-02-25 01:50:00,Chennai Central,5,590,3470,Medium,2155,1085,Afternoon
2025-02-25 02:00:00,New Delhi,2,1546,2656,Medium,9977,5617,Morning
2025-02-25 02:10:00,Howrah,5,1962,4631,Medium,1492,6147,Afternoon
2025-02-25 02:20:00,Howrah,1,1102,4274,Medium,5015,7044,Morning
2025-02-25 02:30:00,Chennai Central,2,1960,877,Medium,9844,6350,Night
2025-02-25 02:40:00,Howrah,2,881,3400,Low,2820,1882,Evening
2025-02-25 02:50:00,New Delhi,1,1547,3652,Medium,1294,9707,Afternoon
2025-02-25 03:00:00,Mumbai CST,3,1320,839,Medium,5481,952,Afternoon
2025-02-25 03:10:00,New Delhi,4,1842,2233,Low,7417,1687,Evening
2025-02-25 03:20:00,Mumbai CST,4,1448,4636,High,1516,3825,Evening
2025-02-25 03:30:00,New Delhi,2,1663,4757,High,8084,8781,Evening
2025-02-25 03:40:00,Mumbai CST,1,1893,1315,High,6199,4298,Evening
2025-02-25 03:50:00,Bangalore City,4,1150,3266,High,8666,3398,Morning
2025-02-25 04:00:00,Chennai Central,4,1957,796,Low,6929,1364,Morning
2025-02-25 04:10:00,Bangalore City,5,1236,4773,Medium,7235,2218,Night
2025-02-25 04:20:00,Mumbai CST,4,1029,3380,Medium,6069,5935,Afternoon
2025-02-25 04:30:00,Howrah,1,1097,4936,Low,8274,9602,Night
2025-02-25 04:40:00,Mumbai CST,2,740,4526,Medium,593,8383,Morning
2025-02-25 04:50:00,Mumbai CST,1,1191,1277,Low,3305,6164,Night
2025-02-25 05:00:00,New Delhi,1,1000,3088,Medium,6906,3623,Morning
2025-02-25 05:10:00,Bangalore City,2,1817,3912,High,6448,9731,Morning
2025-02-25 05:20:00,Bangalore City,5,1701,4996,Medium,3140,364,Afternoon
2025-02-25 05:30:00,Mumbai CST,4,1042,4408,High,9922,8104,Afternoon
2025-02-25 05:40:00,Mumbai CST,2,1418,2594,Low,6269,7031,Morning
2025-02-25 05:50:00,New Delhi,3,946,3299,Medium,1052,8970,Night
2025-02-25 06:00:00,Howrah,4,1172,1719,High,9158,6272,Night
2025-02-25 06:10:00,Bangalore City,1,1723,2766,Medium,924,681,Evening
2025-02-25 06:20:00,New Delhi,1,1223,4787,Low,6277,9587,Afternoon
2025-02-25 06:30:00,Chennai Central,5,1229,3944,High,828,4459,Morning
2025-02-25 06:40:00,New Delhi,4,736,562,Medium,8887,9145,Afternoon
2025-02-25 06:50:00,New Delhi,1,1234,513,Medium,3533,4731,Evening
2025-02-25 07:00:00,Chennai Central,4,1105,1317,Low,6743,8884,Night
2025-02-25 07:10:00,Howrah,5,1309,3549,Low,7969,9215,Evening
2025-02-25 07:20:00,Bangalore City,2,1941,981,Medium,8700,7198,Evening
2025-02-25 07:30:00,Bangalore City,1,767,3040,Low,7398,5676,Night
2025-02-25 07:40:00,Howrah,1,1691,4481,High,4402,6236,Morning
2025-02-25 07:50:00,New Delhi,3,1975,1406,Medium,2561,4162,Morning
2025-02-25 08:00:00,Chennai Central,1,1729,2238,Medium,5978,9884,Afternoon
2025-02-25 08:10:00,Howrah,5,1444,2472,Medium,8228,6490,Afternoon
2025-02-25 08:20:00,Chennai Central,4,530,836,Low,3891,9698,Morning
2025-02-25 08:30:00,Mumbai CST,1,632,1381,High,6740,935,Night
2025-02-25 08:40:00,Bangalore City,2,1047,2336,Medium,5128,1595,Evening
2025-02-25 08:50:00,Howrah,3,675,821,Low,9068,7056,Afternoon
2025-02-25 09:00:00,Mumbai CST,3,1873,851,Low,3109,1806,Afternoon
2025-02-25 09:10:00,Mumbai CST,2,1502,1372,Low,2447,5666,Night
2025-02-25 09:20:00,Mumbai CST,3,1531,2909,High,7138,9775,Morning
2025-02-25 09:30:00,Howrah,3,692,3096,Medium,6796,3026,Night
2025-02-25 09:40:00,Chennai Central,3,1804,2058,High,8138,8813,Night
2025-02-25 09:50:00,Mumbai CST,2,1823,2623,High,8989,3689,Afternoon
2025-02-25 10:00:00,Howrah,4,1924,4471,Low,9181,970,Night
2025-02-25 10:10:00,Howrah,2,1626,999,Medium,3155,9336,Night
2025-02-25 10:20:00,New Delhi,5,966,4052,Low,9049,9548,Night
2025-02-25 10:30:00,New Delhi,2,1886,2494,High,9263,5245,Afternoon
2025-02-25 10:40:00,Bangalore City,4,1976,1231,Medium,9869,1236,Afternoon
2025-02-25 10:50:00,Howrah,2,863,2265,Low,4282,4425,Afternoon
2025-02-25 11:00:00,Bangalore City,1,1270,1104,Low,3443,8990,Afternoon
2025-02-25 11:10:00,Howrah,4,1665,4872,Medium,6909,3455,Afternoon
2025-02-25 11:20:00,Bangalore City,4,610,2235,Low,1654,6707,Morning
2025-02-25 11:30:00,Mumbai CST,2,1135,1143,Low,1811,4632,Morning
2025-02-25 11:40:00,Bangalore City,1,729,2012,Low,4978,993,Evening
2025-02-25 11:50:00,New Delhi,5,1835,830,Low,5163,9486,Afternoon
2025-02-25 12:00:00,Mumbai CST,1,1210,2840,Low,9763,7425,Evening
2025-02-25 12:10:00,New Delhi,3,1707,2028,High,5208,1179,Morning
2025-02-25 12:20:00,New Delhi,5,713,1693,Low,1933,2608,Morning
2025-02-25 12:30:00,Bangalore City,4,1938,2605,Medium,3464,8328,Afternoon
2025-02-25 12:40:00,Bangalore City,4,1324,1577,Medium,1669,1141,Afternoon
2025-02-25 12:50:00,New Delhi,4,826,530,Medium,6056,4046,Afternoon
2025-02-25 13:00:00,Chennai Central,4,1762,4535,High,1418,5195,Night
2025-02-25 13:10:00,Chennai Central,5,1264,2766,Low,7043,338,Evening
2025-02-25 13:20:00,Chennai Central,4,1073,1534,Medium,7430,5596,Morning
2025-02-25 13:30:00,Chennai Central,4,1566,3876,Medium,4572,9543,Afternoon
2025-02-25 13:40:00,Chennai Central,3,1637,1602,Medium,9349,600,Morning
2025-02-25 13:50:00,Mumbai CST,2,513,1020,Medium,3659,390,Morning
2025-02-25 14:00:00,Chennai Central,1,962,4851,Low,7483,2293,Night
2025-02-25 14:10:00,Howrah,4,559,1074,Low,898,5896,Afternoon
2025-02-25 14:20:00,Howrah,5,1162,4187,Low,4208,3263,Afternoon
2025-02-25 14:30:00,Mumbai CST,5,765,2235,High,2831,5929,Night
2025-02-25 14:40:00,Bangalore City,1,1412,2707,Low,537,1636,Afternoon
2025-02-25 14:50:00,Bangalore City,3,1597,1647,Low,6359,9253,Night
2025-02-25 15:00:00,New Delhi,4,1091,4809,High,9895,1136,Morning
2025-02-25 15:10:00,Bangalore City,4,594,2413,Medium,5779,7481,Morning
2025-02-25 15:20:00,Mumbai CST,1,787,4573,High,9202,3596,Night
2025-02-25 15:30:00,Mumbai CST,1,1068,1583,High,9779,4152,Night
2025-02-25 15:40:00,Chennai Central,2,876,1645,High,6289,3860,Night
2025-02-25 15:50:00,New Delhi,2,1055,4460,High,5387,9987,Morning
2025-02-25 16:00:00,Chennai Central,4,512,4474,Low,949,7647,Morning
2025-02-25 16:10:00,Bangalore City,4,556,3069,Low,6220,6305,Evening
2025-02-25 16:20:00,Mumbai CST,5,1461,2895,Medium,7917,3271,Evening
2025-02-25 16:30:00,Howrah,1,995,4102,Medium,6546,8743,Evening
2025-02-25 16:40:00,Chennai Central,2,866,4209,Low,1818,8428,Afternoon
2025-02-25 16:50:00,Mumbai CST,1,1449,4153,Medium,6303,5360,Morning
2025-02-25 17:00:00,Mumbai CST,3,1047,2725,Low,8847,9308,Afternoon
2025-02-25 17:10:00,Chennai Central,3,899,518,High,4129,7694,Afternoon
2025-02-25 17:20:00,Mumbai CST,5,837,967,Medium,4661,9414,Night
2025-02-25 17:30:00,Howrah,1,1126,1348,High,9186,7586,Night
2025-02-25 17:40:00,Mumbai CST,1,1031,1313,Low,1095,5952,Afternoon
2025-02-25 17:50:00,Chennai Central,4,1906,616,High,8446,275,Afternoon
2025-02-25 18:00:00,Chennai Central,3,1062,3490,High,6969,7194,Morning
2025-02-25 18:10:00,Bangalore City,4,704,4060,High,4726,4099,Afternoon
2025-02-25 18:20:00,Chennai Central,2,1538,3202,Medium,7268,8028,Night
2025-02-25 18:30:00,Mumbai CST,4,1007,1148,Low,6080,8473,Evening
2025-02-25 18:40:00,Chennai Central,3,717,906,Medium,4823,6097,Night
2025-02-25 18:50:00,Chennai Central,3,1996,4609,Low,4998,159,Morning
2025-02-25 19:00:00,Bangalore City,4,1860,4216,High,9853,5973,Evening
2025-02-25 19:10:00,Howrah,1,1087,1654,Low,9268,120,Afternoon
2025-02-25 19:20:00,Mumbai CST,2,554,3600,Medium,876,1406,Evening
2025-02-25 19:30:00,New Delhi,5,969,3658,Low,8302,8864,Afternoon
2025-02-25 19:40:00,Howrah,5,1560,3835,Medium,8918,6391,Morning
2025-02-25 19:50:00,Mumbai CST,1,922,1272,Medium,5804,6350,Morning
2025-02-25 20:00:00,Mumbai CST,4,1835,2850,Low,6543,5025,Afternoon
2025-02-25 20:10:00,Howrah,1,1437,4028,Medium,3570,1660,Evening
2025-02-25 20:20:00,Mumbai CST,3,1997,3699,Low,4604,7437,Evening
2025-02-25 20:30:00,Mumbai CST,4,579,1142,High,1773,5285,Night
2025-02-25 20:40:00,Chennai Central,2,1046,3869,Low,2193,9569,Afternoon
2025-02-25 20:50:00,Chennai Central,4,1389,2593,High,7329,1388,Night
2025-02-25 21:00:00,Howrah,2,1348,2422,Medium,4171,2166,Night
2025-02-25 21:10:00,Howrah,3,614,1573,High,4612,4306,Evening
2025-02-25 21:20:00,Chennai Central,3,1650,848,Low,7449,8867,Night
2025-02-25 21:30:00,Mumbai CST,1,895,2032,Low,5869,4080,Night
2025-02-25 21:40:00,Chennai Central,3,1130,2861,High,894,5809,Evening
2025-02-25 21:50:00,Chennai Central,5,1741,1113,High,5174,9253,Night
2025-02-25 22:00:00,New Delhi,1,1137,1645,Low,7731,2737,Afternoon
2025-02-25 22:10:00,New Delhi,1,1275,4100,Low,9630,4067,Evening
2025-02-25 22:20:00,Chennai Central,3,670,1039,High,2872,3201,Night
2025-02-25 22:30:00,Mumbai CST,4,655,1790,Low,2739,6091,Afternoon
2025-02-25 22:40:00,Mumbai CST,3,766,2961,Low,1352,9283,Evening
2025-02-25 22:50:00,Bangalore City,1,1882,1546,Low,2743,7208,Morning
2025-02-25 23:00:00,Mumbai CST,5,1602,1702,High,7895,5880,Morning
2025-02-25 23:10:00,Bangalore City,4,908,2351,High,2792,4813,Evening
2025-02-25 23:20:00,Chennai Central,3,1195,2907,Medium,2397,987,Evening
2025-02-25 23:30:00,Howrah,5,785,4844,Medium,5218,9412,Afternoon
2025-02-25 23:40:00,Howrah,3,1532,4496,Low,1827,4515,Evening
2025-02-25 23:50:00,New Delhi,3,1658,561,Low,5520,8089,Night
2025-02-26 00:00:00,Chennai Central,1,798,3210,High,630,3710,Morning
2025-02-26 00:10:00,Bangalore City,4,918,2799,High,4330,4910,Morning
2025-02-26 00:20:00,New Delhi,3,925,1406,Low,1784,9284,Afternoon
2025-02-26 00:30:00,Howrah,3,1848,3757,Medium,9769,4307,Night
2025-02-26 00:40:00,Chennai Central,3,1632,1224,High,5724,3079,Evening
2025-02-26 00:50:00,Howrah,4,1467,1095,Medium,3904,2600,Afternoon
2025-02-26 01:00:00,Bangalore City,3,578,3532,Medium,7928,7246,Night
2025-02-26 01:10:00,Bangalore City,1,1928,2694,High,9492,8124,Night
2025-02-26 01:20:00,Howrah,5,578,4264,Medium,9766,6473,Evening
2025-02-26 01:30:00,Mumbai CST,5,1973,2773,Medium,8734,2307,Afternoon
2025-02-26 01:40:00,Bangalore City,2,1256,2146,Low,6228,4808,Evening
2025-02-26 01:50:00,Bangalore City,5,1600,3184,High,4390,2602,Afternoon
2025-02-26 02:00:00,Mumbai CST,1,1127,4524,Medium,1976,3027,Night
2025-02-26 02:10:00,New Delhi,1,1474,1723,Medium,3330,9200,Afternoon
2025-02-26 02:20:00,Mumbai CST,1,1897,2931,Medium,840,9176,Night
2025-02-26 02:30:00,New Delhi,4,585,3838,High,3957,4235,Afternoon
2025-02-26 02:40:00,Bangalore City,5,1041,4267,High,5058,5054,Evening
2025-02-26 02:50:00,Howrah,4,509,4699,High,4628,6201,Afternoon
2025-02-26 03:00:00,New Delhi,1,1580,1633,Medium,854,583,Morning
2025-02-26 03:10:00,Howrah,2,1660,2375,High,3782,6329,Morning
2025-02-26 03:20:00,Chennai Central,2,745,1704,Medium,2358,4976,Evening
2025-02-26 03:30:00,Bangalore City,3,734,807,High,5859,2102,Afternoon
2025-02-26 03:40:00,Chennai Central,3,791,1772,High,896,6975,Morning
2025-02-26 03:50:00,Mumbai CST,3,1005,2529,Medium,8917,5709,Night
2025-02-26 04:00:00,Mumbai CST,2,1897,4411,Low,2364,5454,Afternoon
2025-02-26 04:10:00,Chennai Central,3,1295,4348,High,3617,7580,Afternoon
2025-02-26 04:20:00,Bangalore City,3,1736,968,High,5509,8853,Afternoon
2025-02-26 04:30:00,New Delhi,1,1375,2701,Low,8066,2707,Evening
2025-02-26 04:40:00,Chennai Central,1,525,2493,High,8596,9334,Afternoon
2025-02-26 04:50:00,Chennai Central,3,1353,1611,Low,7855,5150,Morning
2025-02-26 05:00:00,Howrah,1,1294,4101,Medium,4869,7933,Morning
2025-02-26 05:10:00,Chennai Central,5,998,768,High,2433,9963,Afternoon
2025-02-26 05:20:00,Howrah,4,1038,3757,High,6680,3471,Night
2025-02-26 05:30:00,Mumbai CST,2,1568,4477,Medium,4135,4721,Morning
2025-02-26 05:40:00,New Delhi,1,1204,2455,Medium,2071,510,Night
2025-02-26 05:50:00,New Delhi,3,800,4015,High,4243,9008,Night
2025-02-26 06:00:00,Howrah,5,1573,3891,Medium,8895,5906,Evening
2025-02-26 06:10:00,Mumbai CST,2,898,672,Low,4278,785,Morning
2025-02-26 06:20:00,Chennai Central,3,1128,3093,Low,1408,4711,Night
2025-02-26 06:30:00,Chennai Central,2,1561,3153,Low,3348,621,Evening
2025-02-26 06:40:00,Howrah,5,1732,3709,Low,6351,4527,Afternoon
2025-02-26 06:50:00,Howrah,1,747,2033,Low,8510,2860,Afternoon
2025-02-26 07:00:00,Howrah,1,1963,723,High,1792,3936,Afternoon
2025-02-26 07:10:00,Howrah,5,1795,4086,Low,933,9628,Night
2025-02-26 07:20:00,Chennai Central,2,638,3142,Low,2702,198,Morning
2025-02-26 07:30:00,Bangalore City,4,783,3013,Low,8821,2297,Evening
2025-02-26 07:40:00,Chennai Central,5,1966,3623,Medium,9385,4490,Evening
2025-02-26 07:50:00,Chennai Central,5,1285,4977,Medium,3494,8120,Night
2025-02-26 08:00:00,Chennai Central,1,658,3491,High,2645,4304,Night
2025-02-26 08:10:00,Chennai Central,1,1788,2746,Medium,7662,9214,Night
2025-02-26 08:20:00,Chennai Central,1,954,607,Medium,5172,8163,Night
2025-02-26 08:30:00,New Delhi,2,581,3994,High,9889,1237,Night
2025-02-26 08:40:00,Chennai Central,2,1495,3369,Low,6478,2516,Afternoon
2025-02-26 08:50:00,Mumbai CST,1,1505,875,Low,7417,4317,Morning
2025-02-26 09:00:00,New Delhi,4,541,4108,High,9896,7741,Morning
2025-02-26 09:10:00,New Delhi,1,1230,796,Low,1793,6845,Afternoon
2025-02-26 09:20:00,Mumbai CST,4,955,2352,Medium,8731,1944,Morning
2025-02-26 09:30:00,Chennai Central,4,1878,3556,Medium,906,8512,Morning
2025-02-26 09:40:00,Bangalore City,2,1288,1877,Medium,5723,9158,Morning
2025-02-26 09:50:00,Chennai Central,4,946,4791,Medium,8949,5378,Afternoon
2025-02-26 10:00:00,Mumbai CST,4,788,4548,Medium,1432,7434,Evening
2025-02-26 10:10:00,New Delhi,5,1585,1442,Medium,8387,3019,Night
2025-02-26 10:20:00,Howrah,1,1779,3354,Low,8472,2518,Evening
2025-02-26 10:30:00,Howrah,1,1250,3243,Medium,5639,3389,Morning
2025-02-26 10:40:00,Chennai Central,4,840,587,Medium,3672,1678,Evening
2025-02-26 10:50:00,Howrah,3,1605,1774,Low,4704,6599,Morning
2025-02-26 11:00:00,Bangalore City,5,1012,620,Low,8533,5043,Evening
2025-02-26 11:10:00,New Delhi,2,562,3279,High,6583,9100,Night
2025-02-26 11:20:00,Chennai Central,3,1110,1634,Low,2023,683,Morning
2025-02-26 11:30:00,Mumbai CST,1,1740,2000,High,6187,5018,Afternoon
2025-02-26 11:40:00,Bangalore City,2,1242,4808,Medium,1825,4512,Night
2025-02-26 11:50:00,Howrah,5,658,1069,Medium,859,9609,Afternoon
2025-02-26 12:00:00,Bangalore City,1,505,3942,Medium,9026,5187,Evening
2025-02-26 12:10:00,New Delhi,4,1703,1414,High,6266,7402,Night
2025-02-26 12:20:00,Mumbai CST,1,1585,1185,Medium,9030,1968,Night
2025-02-26 12:30:00,Mumbai CST,2,1459,2178,Medium,6219,8320,Morning
2025-02-26 12:40:00,Bangalore City,3,1802,834,Medium,1054,6497,Afternoon
2025-02-26 12:50:00,Chennai Central,5,741,3658,High,7882,3409,Morning
2025-02-26 13:00:00,Bangalore City,1,635,1904,High,3434,9253,Afternoon
2025-02-26 13:10:00,Bangalore City,5,562,1595,Medium,642,1633,Afternoon
2025-02-26 13:20:00,Mumbai CST,1,1952,1378,Low,2912,3878,Morning
2025-02-26 13:30:00,New Delhi,5,1753,3488,Medium,9704,3284,Afternoon
2025-02-26 13:40:00,Bangalore City,1,596,3515,High,6352,5322,Evening
2025-02-26 13:50:00,Chennai Central,3,1406,3614,Low,5456,7294,Afternoon
2025-02-26 14:00:00,Mumbai CST,5,1191,4665,Low,1934,8484,Night
2025-02-26 14:10:00,Howrah,4,1117,616,Low,603,2781,Morning
2025-02-26 14:20:00,New Delhi,2,944,1107,Low,4746,2501,Afternoon
2025-02-26 14:30:00,New Delhi,1,1668,1462,High,8397,360,Evening
2025-02-26 14:40:00,New Delhi,2,1177,1256,High,3330,4894,Afternoon
2025-02-26 14:50:00,Bangalore City,1,1249,2555,High,2154,8040,Morning
2025-02-26 15:00:00,Howrah,2,1607,3985,Medium,4577,7626,Evening
2025-02-26 15:10:00,Bangalore City,4,1963,1187,Low,1032,3527,Evening
2025-02-26 15:20:00,Mumbai CST,2,1382,3246,Medium,3972,4742,Night
2025-02-26 15:30:00,New Delhi,2,871,3794,Medium,7408,9407,Night
2025-02-26 15:40:00,Chennai Central,4,673,509,Medium,1171,9850,Night
2025-02-26 15:50:00,Bangalore City,4,700,4796,High,6463,9686,Morning
2025-02-26 16:00:00,Bangalore City,5,774,892,Low,7103,7836,Night
2025-02-26 16:10:00,Howrah,3,859,3285,Medium,6853,778,Night
2025-02-26 16:20:00,Chennai Central,3,1521,4702,Medium,8840,931,Afternoon
2025-02-26 16:30:00,Chennai Central,2,1472,4114,Medium,2366,4502,Evening
2025-02-26 16:40:00,Howrah,4,591,555,High,8673,1658,Night
2025-02-26 16:50:00,New Delhi,2,533,4257,Medium,5475,734,Night
2025-02-26 17:00:00,Chennai Central,4,1909,2099,Low,7575,1010,Evening
2025-02-26 17:10:00,Chennai Central,3,1160,1738,Low,2344,8988,Afternoon
2025-02-26 17:20:00,Howrah,5,1799,2504,Low,3714,1535,Evening
2025-02-26 17:30:00,New Delhi,3,681,4932,High,3493,9239,Morning
2025-02-26 17:40:00,Howrah,3,1235,4788,High,9661,836,Night
2025-02-26 17:50:00,Mumbai CST,2,1788,1502,Medium,3906,9314,Afternoon
2025-02-26 18:00:00,Howrah,4,1487,746,High,1004,1872,Afternoon
2025-02-26 18:10:00,Bangalore City,4,1622,2495,Low,1997,2807,Afternoon
2025-02-26 18:20:00,Bangalore City,1,1411,2409,Medium,5533,5870,Afternoon
2025-02-26 18:30:00,Mumbai CST,4,1632,2340,Low,7605,500,Afternoon
2025-02-26 18:40:00,Howrah,1,857,1451,Low,3642,9444,Afternoon
2025-02-26 18:50:00,Mumbai CST,4,1912,1153,High,2399,1904,Night
2025-02-26 19:00:00,New Delhi,5,1078,3151,Medium,4160,6240,Evening
2025-02-26 19:10:00,Mumbai CST,4,1816,3956,High,9255,4763,Afternoon
2025-02-26 19:20:00,New Delhi,1,859,1605,Low,6791,5589,Afternoon
2025-02-26 19:30:00,Bangalore City,3,545,4935,High,1258,7156,Morning
2025-02-26 19:40:00,Mumbai CST,4,740,958,High,822,1889,Evening
2025-02-26 19:50:00,Howrah,3,816,1153,Medium,2011,2692,Afternoon
2025-02-26 20:00:00,Mumbai CST,5,767,1393,High,7593,3585,Evening
2025-02-26 20:10:00,Bangalore City,3,1638,2877,Low,6503,6340,Night
2025-02-26 20:20:00,Mumbai CST,5,1619,4146,Medium,2360,9975,Night
2025-02-26 20:30:00,New Delhi,2,1859,4404,Low,3021,1854,Evening
2025-02-26 20:40:00,Chennai Central,4,1671,1342,High,4939,3783,Afternoon
2025-02-26 20:50:00,Mumbai CST,3,1797,874,Medium,503,2353,Evening
2025-02-26 21:00:00,Mumbai CST,1,1844,754,High,1219,8853,Evening
2025-02-26 21:10:00,Howrah,5,1272,3011,High,2985,2482,Night
2025-02-26 21:20:00,Bangalore City,4,1894,3225,Low,5275,5451,Evening
2025-02-26 21:30:00,Howrah,2,855,2249,Low,2026,6537,Morning
2025-02-26 21:40:00,Bangalore City,5,1965,3161,Low,1797,8380,Afternoon
2025-02-26 21:50:00,New Delhi,3,640,2066,Low,5125,9760,Evening
2025-02-26 22:00:00,Howrah,4,1493,3928,Low,8500,7081,Morning
2025-02-26 22:10:00,Mumbai CST,3,540,1265,High,6711,5906,Morning
2025-02-26 22:20:00,Chennai Central,3,823,756,High,5383,803,Morning
2025-02-26 22:30:00,New Delhi,2,904,2100,High,4813,868,Evening
2025-02-26 22:40:00,Chennai Central,4,1901,735,Medium,3728,8284,Evening
2025-02-26 22:50:00,New Delhi,5,806,2418,Medium,1117,7580,Evening
2025-02-26 23:00:00,Chennai Central,4,545,1545,High,4418,1323,Night
2025-02-26 23:10:00,Mumbai CST,4,1805,2877,Low,4754,8296,Evening
2025-02-26 23:20:00,Mumbai CST,3,1515,3610,Medium,6984,2334,Night
2025-02-26 23:30:00,Howrah,4,875,3160,High,5035,8612,Afternoon
2025-02-26 23:40:00,New Delhi,4,1289,4963,Medium,7377,2992,Afternoon
2025-02-26 23:50:00,Chennai Central,2,1594,2282,High,6893,4809,Evening
2025-02-27 00:00:00,New Delhi,1,1060,815,Medium,8181,1783,Morning
2025-02-27 00:10:00,Howrah,3,625,2613,Medium,3482,6080,Morning
2025-02-27 00:20:00,Mumbai CST,5,1166,3315,High,4094,1472,Afternoon
2025-02-27 00:30:00,New Delhi,3,655,3384,High,4373,1976,Afternoon
2025-02-27 00:40:00,Chennai Central,4,990,2628,High,5139,6675,Evening
2025-02-27 00:50:00,Mumbai CST,1,1261,2066,High,8259,9186,Night
2025-02-27 01:00:00,Howrah,2,1771,1943,Medium,8059,8361,Night
2025-02-27 01:10:00,Bangalore City,3,1023,1346,Medium,5490,188,Evening
2025-02-27 01:20:00,Bangalore City,2,940,1257,Low,6514,4795,Evening
2025-02-27 01:30:00,Bangalore City,4,1793,4110,Medium,2670,3637,Morning
2025-02-27 01:40:00,Howrah,2,663,545,Medium,6931,541,Afternoon
2025-02-27 01:50:00,Chennai Central,4,824,2384,Low,7821,293,Night
2025-02-27 02:00:00,Bangalore City,1,1440,2476,Low,4096,3221,Night
2025-02-27 02:10:00,Chennai Central,5,1936,4936,Medium,9573,5324,Evening
2025-02-27 02:20:00,Mumbai CST,5,1978,588,Medium,4403,3371,Night
2025-02-27 02:30:00,New Delhi,2,707,555,Medium,3440,2231,Morning
2025-02-27 02:40:00,Chennai Central,3,1953,1772,High,1887,7267,Morning
2025-02-27 02:50:00,Bangalore City,1,1404,3983,Low,1919,1460,Afternoon
2025-02-27 03:00:00,Howrah,3,575,4095,Low,3300,4115,Night
2025-02-27 03:10:00,Chennai Central,2,1912,1785,Low,8072,8670,Night
2025-02-27 03:20:00,Mumbai CST,3,1475,1711,High,5664,7900,Evening
2025-02-27 03:30:00,Bangalore City,5,965,4802,Low,4813,373,Morning
2025-02-27 03:40:00,Mumbai CST,3,975,4444,High,4123,7060,Evening
2025-02-27 03:50:00,Chennai Central,3,1083,4349,Medium,7425,2018,Evening
2025-02-27 04:00:00,Howrah,2,617,2821,Low,4805,5993,Afternoon
2025-02-27 04:10:00,Chennai Central,2,901,2084,Low,8292,7219,Night
2025-02-27 04:20:00,Mumbai CST,5,1312,1420,High,8400,6352,Night
2025-02-27 04:30:00,Mumbai CST,5,1976,1224,Low,3690,1890,Night
2025-02-27 04:40:00,Howrah,2,1729,3711,Medium,9648,4988,Night
2025-02-27 04:50:00,Chennai Central,5,1888,3148,Low,9536,8592,Morning
2025-02-27 05:00:00,New Delhi,3,1956,4716,Medium,4948,4416,Afternoon
2025-02-27 05:10:00,Howrah,5,917,930,High,6764,7442,Night
2025-02-27 05:20:00,New Delhi,1,1649,3947,Low,5181,778,Afternoon
2025-02-27 05:30:00,Bangalore City,3,948,572,Medium,4836,8826,Night
2025-02-27 05:40:00,Bangalore City,3,595,2673,High,3356,2576,Night
2025-02-27 05:50:00,Mumbai CST,4,1648,4346,High,1548,221,Evening
2025-02-27 06:00:00,Howrah,1,1413,4239,High,2016,3155,Morning
2025-02-27 06:10:00,Howrah,1,1857,574,Low,9648,8883,Morning
2025-02-27 06:20:00,Mumbai CST,4,985,1377,High,2020,6335,Afternoon
2025-02-27 06:30:00,Mumbai CST,2,1933,4687,Medium,4002,6129,Night
2025-02-27 06:40:00,Chennai Central,2,1135,3395,Medium,7133,177,Night
2025-02-27 06:50:00,Chennai Central,4,975,935,Medium,5792,8431,Night
2025-02-27 07:00:00,Bangalore City,1,1523,2469,Low,6963,4826,Morning
2025-02-27 07:10:00,Bangalore City,2,1663,3914,High,7218,9926,Morning
2025-02-27 07:20:00,Chennai Central,1,1231,1764,Low,3368,7174,Afternoon
2025-02-27 07:30:00,Howrah,1,543,1529,Low,6490,7660,Night
2025-02-27 07:40:00,Chennai Central,4,874,2533,High,4931,9310,Evening
2025-02-27 07:50:00,Bangalore City,3,588,4215,High,1220,7503,Afternoon
2025-02-27 08:00:00,Mumbai CST,2,1791,2677,Low,3424,2852,Evening
2025-02-27 08:10:00,Howrah,5,1142,1684,High,4417,4520,Afternoon
2025-02-27 08:20:00,Mumbai CST,1,757,3272,Low,8285,4023,Afternoon
2025-02-27 08:30:00,Howrah,4,1045,3461,Low,4318,8854,Evening
2025-02-27 08:40:00,New Delhi,2,1981,3389,Medium,3754,2242,Morning
2025-02-27 08:50:00,Howrah,5,1315,546,Low,3776,2406,Night
2025-02-27 09:00:00,New Delhi,3,1598,3438,High,4387,1361,Morning
2025-02-27 09:10:00,New Delhi,1,1167,2629,High,7672,4740,Morning
2025-02-27 09:20:00,Howrah,3,1970,4128,High,8319,6689,Night
2025-02-27 09:30:00,Mumbai CST,2,1628,2466,High,7218,9551,Night
2025-02-27 09:40:00,Chennai Central,3,1050,3436,Low,9370,3679,Evening
2025-02-27 09:50:00,New Delhi,5,784,2273,Low,5616,4941,Night
2025-02-27 10:00:00,Howrah,4,763,4716,High,9033,4526,Morning
2025-02-27 10:10:00,Bangalore City,3,980,3139,Low,6243,2487,Night
2025-02-27 10:20:00,Chennai Central,1,711,4017,Medium,6699,5365,Afternoon
2025-02-27 10:30:00,Mumbai CST,5,1058,4605,Low,9206,2767,Morning
2025-02-27 10:40:00,Howrah,3,738,2811,Low,736,4723,Morning
2025-02-27 10:50:00,Mumbai CST,1,814,2002,High,4251,9744,Morning
2025-02-27 11:00:00,Chennai Central,5,967,3705,High,3742,8939,Morning
2025-02-27 11:10:00,New Delhi,3,1974,2075,Medium,4645,7578,Night
2025-02-27 11:20:00,New Delhi,4,590,3763,High,6665,7419,Afternoon
2025-02-27 11:30:00,Howrah,1,1777,2134,High,1851,471,Afternoon
2025-02-27 11:40:00,New Delhi,2,1255,3641,Medium,6334,3313,Night
2025-02-27 11:50:00,Chennai Central,5,1556,1615,High,9852,8718,Night
2025-02-27 12:00:00,Howrah,3,1532,1582,Low,2376,5566,Morning
2025-02-27 12:10:00,Mumbai CST,2,1470,655,Medium,2467,7943,Night
2025-02-27 12:20:00,Bangalore City,3,1981,3477,Medium,7065,2162,Morning
2025-02-27 12:30:00,Bangalore City,4,852,3484,High,3533,2985,Night
2025-02-27 12:40:00,Bangalore City,4,996,4069,High,7365,8554,Evening
2025-02-27 12:50:00,Chennai Central,1,900,2922,Low,3154,9878,Night
2025-02-27 13:00:00,Bangalore City,3,1462,633,High,5916,3176,Night
2025-02-27 13:10:00,New Delhi,4,870,4161,Medium,8694,7126,Afternoon
2025-02-27 13:20:00,Bangalore City,4,1127,3613,Low,7142,2579,Morning
2025-02-27 13:30:00,Mumbai CST,4,555,3928,High,3401,445,Night
2025-02-27 13:40:00,Howrah,5,1877,4404,Low,5941,9550,Night
2025-02-27 13:50:00,Chennai Central,5,960,2596,High,3212,6018,Night
2025-02-27 14:00:00,Mumbai CST,2,949,2718,Low,3805,8482,Afternoon
2025-02-27 14:10:00,New Delhi,4,1999,2167,High,5160,2526,Night
2025-02-27 14:20:00,Howrah,5,1110,4877,Low,6339,2520,Night
2025-02-27 14:30:00,Chennai Central,5,1706,4996,High,8588,9606,Morning
2025-02-27 14:40:00,Mumbai CST,4,1840,4497,High,4719,3430,Night
2025-02-27 14:50:00,Chennai Central,1,1152,3992,High,3863,5084,Evening
2025-02-27 15:00:00,Chennai Central,1,870,4058,Medium,5649,8036,Morning
2025-02-27 15:10:00,Howrah,5,1321,2321,Medium,1522,5590,Night
2025-02-27 15:20:00,Chennai Central,3,1594,2529,Medium,5857,3937,Morning
2025-02-27 15:30:00,Howrah,2,1532,1428,High,6730,7063,Afternoon
2025-02-27 15:40:00,Bangalore City,2,545,2357,High,9910,4818,Morning
2025-02-27 15:50:00,Bangalore City,5,1769,4874,Medium,9356,9182,Afternoon
2025-02-27 16:00:00,Howrah,4,1834,1405,Low,6344,4535,Morning
2025-02-27 16:10:00,New Delhi,2,1133,1041,Medium,2150,1557,Evening
2025-02-27 16:20:00,Bangalore City,4,1563,2414,Medium,9881,3050,Evening
2025-02-27 16:30:00,Howrah,3,624,1412,High,3616,7662,Evening
2025-02-27 16:40:00,Bangalore City,5,1720,2748,Medium,2138,819,Morning
2025-02-27 16:50:00,New Delhi,4,1774,1766,Low,8539,5332,Evening
2025-02-27 17:00:00,New Delhi,3,685,4860,High,1074,8715,Morning
2025-02-27 17:10:00,Howrah,4,1536,3250,High,8127,2765,Morning
2025-02-27 17:20:00,Bangalore City,2,1317,3128,Medium,5564,6256,Evening
2025-02-27 17:30:00,Howrah,1,1568,3945,Low,3528,1615,Evening
2025-02-27 17:40:00,Chennai Central,3,1336,677,Low,2906,2030,Evening
2025-02-27 17:50:00,Mumbai CST,4,547,960,Low,4305,5764,Evening
2025-02-27 18:00:00,Bangalore City,4,757,4157,Medium,9332,2188,Night
2025-02-27 18:10:00,New Delhi,2,1945,4040,Medium,6063,1287,Morning
2025-02-27 18:20:00,Chennai Central,4,992,1424,High,8222,4821,Morning
2025-02-27 18:30:00,Howrah,1,768,2513,Low,986,6473,Evening
2025-02-27 18:40:00,Bangalore City,2,546,1198,Low,8118,5010,Evening
2025-02-27 18:50:00,New Delhi,4,1930,2867,Medium,8836,7813,Afternoon
2025-02-27 19:00:00,New Delhi,5,1337,4362,Medium,9431,5384,Afternoon
2025-02-27 19:10:00,Howrah,1,1251,1618,High,8723,9456,Morning
2025-02-27 19:20:00,New Delhi,5,1994,4866,Medium,2578,4449,Afternoon
2025-02-27 19:30:00,Chennai Central,2,1800,2797,Low,2945,2513,Afternoon
2025-02-27 19:40:00,Chennai Central,1,1168,4597,Low,9826,1316,Night
2025-02-27 19:50:00,Mumbai CST,5,635,1141,Medium,8684,2721,Afternoon
2025-02-27 20:00:00,Chennai Central,1,1254,2120,Medium,6897,9610,Afternoon
2025-02-27 20:10:00,New Delhi,2,800,1757,High,3255,6113,Night
2025-02-27 20:20:00,Howrah,4,660,3260,High,3887,6604,Afternoon
2025-02-27 20:30:00,Mumbai CST,3,1989,2740,Medium,1519,4611,Afternoon
2025-02-27 20:40:00,Howrah,1,1211,4167,Medium,5420,3747,Morning
2025-02-27 20:50:00,Howrah,4,1919,3148,Medium,6686,2898,Evening
2025-02-27 21:00:00,Mumbai CST,5,1896,4086,High,4226,937,Evening
2025-02-27 21:10:00,Chennai Central,1,867,924,Medium,2420,1059,Evening
2025-02-27 21:20:00,New Delhi,4,527,2468,Medium,1449,4762,Morning
2025-02-27 21:30:00,Mumbai CST,4,1687,716,High,4063,8409,Evening
2025-02-27 21:40:00,Howrah,1,745,4142,High,2252,4261,Afternoon
2025-02-27 21:50:00,Mumbai CST,5,1948,1675,High,625,6025,Night
2025-02-27 22:00:00,Howrah,1,1257,2536,Low,3249,8846,Morning
2025-02-27 22:10:00,Bangalore City,4,705,1743,Medium,7388,136,Morning
2025-02-27 22:20:00,Mumbai CST,3,1592,672,High,775,8038,Evening
2025-02-27 22:30:00,Chennai Central,1,1124,792,High,881,4912,Evening
2025-02-27 22:40:00,New Delhi,1,1126,3060,Low,9869,9182,Night
2025-02-27 22:50:00,Bangalore City,2,777,2733,Low,733,8259,Evening
2025-02-27 23:00:00,Mumbai CST,2,659,2479,High,9404,1693,Afternoon
2025-02-27 23:10:00,Bangalore City,5,1648,3229,High,4560,6609,Afternoon
2025-02-27 23:20:00,Howrah,3,1531,1516,High,1996,3335,Night
2025-02-27 23:30:00,Bangalore City,4,1924,1704,Low,3296,1331,Afternoon
2025-02-27 23:40:00,Mumbai CST,2,975,1733,Medium,2721,9624,Afternoon
2025-02-27 23:50:00,Howrah,2,1556,663,Low,2935,3748,Night
2025-02-28 00:00:00,Chennai Central,3,1823,2115,High,8260,7565,Morning
2025-02-28 00:10:00,Chennai Central,5,1352,1643,Low,7746,9132,Afternoon
2025-02-28 00:20:00,Bangalore City,3,748,3022,Medium,5330,1492,Afternoon
2025-02-28 00:30:00,Mumbai CST,5,1284,1679,High,9934,8637,Night
2025-02-28 00:40:00,Howrah,1,1143,1355,Low,2728,9260,Evening
2025-02-28 00:50:00,Bangalore City,5,1041,1755,High,7869,7766,Afternoon
2025-02-28 01:00:00,Howrah,3,1557,3835,High,3457,326,Morning
2025-02-28 01:10:00,Howrah,3,1964,3332,Low,8302,5359,Afternoon
2025-02-28 01:20:00,Chennai Central,4,1662,2805,High,1403,532,Afternoon
2025-02-28 01:30:00,Bangalore City,2,1739,1695,High,5612,4821,Afternoon
2025-02-28 01:40:00,Chennai Central,2,1901,4495,Low,1808,3604,Morning
2025-02-28 01:50:00,New Delhi,2,1283,664,Medium,2223,8280,Evening
2025-02-28 02:00:00,Mumbai CST,2,1196,585,Low,631,9255,Night
2025-02-28 02:10:00,Mumbai CST,2,1790,4540,Low,6692,5567,Afternoon
2025-02-28 02:20:00,Mumbai CST,5,1403,4354,Medium,1911,2532,Morning
2025-02-28 02:30:00,Chennai Central,1,1352,2076,Medium,9209,8331,Night
2025-02-28 02:40:00,New Delhi,4,1302,2260,Medium,7135,8648,Afternoon
2025-02-28 02:50:00,New Delhi,5,1375,3744,Low,3259,7659,Afternoon
2025-02-28 03:00:00,Chennai Central,4,1129,655,Low,4665,7814,Evening
2025-02-28 03:10:00,New Delhi,5,840,2690,High,7280,9358,Morning
2025-02-28 03:20:00,Chennai Central,5,1910,764,High,4913,4945,Afternoon
2025-02-28 03:30:00,Bangalore City,2,797,640,Medium,1093,5963,Night
2025-02-28 03:40:00,Bangalore City,4,918,3396,High,9960,9841,Night
2025-02-28 03:50:00,Howrah,2,1099,3580,High,6944,7205,Evening
2025-02-28 04:00:00,New Delhi,1,593,1085,Medium,872,1897,Afternoon
2025-02-28 04:10:00,Bangalore City,2,1486,4105,High,6386,9467,Afternoon
2025-02-28 04:20:00,Howrah,3,1199,4233,Medium,6941,3946,Night
2025-02-28 04:30:00,New Delhi,4,968,1949,High,5543,4020,Afternoon
2025-02-28 04:40:00,New Delhi,5,1277,810,Medium,1540,9172,Morning
2025-02-28 04:50:00,Mumbai CST,3,1080,2627,High,8492,7774,Night
2025-02-28 05:00:00,Mumbai CST,2,589,3911,High,4782,2575,Afternoon
2025-02-28 05:10:00,Howrah,2,1987,2933,High,6427,7143,Night
2025-02-28 05:20:00,Howrah,2,1888,2224,Low,3742,2421,Afternoon
2025-02-28 05:30:00,New Delhi,1,1049,584,Low,1389,2284,Afternoon
2025-02-28 05:40:00,Bangalore City,4,1606,1587,Low,5800,9004,Morning
2025-02-28 05:50:00,New Delhi,1,1859,2829,High,1621,3851,Morning
2025-02-28 06:00:00,New Delhi,4,1366,4119,High,7371,4951,Evening
2025-02-28 06:10:00,Howrah,1,732,4509,High,4419,9392,Evening
2025-02-28 06:20:00,Chennai Central,2,1655,1778,Medium,2689,2353,Evening
2025-02-28 06:30:00,Mumbai CST,2,1282,2719,Medium,1837,9081,Night
2025-02-28 06:40:00,Bangalore City,2,1917,936,Low,4733,4311,Night
2025-02-28 06:50:00,New Delhi,3,999,543,Low,9912,4652,Night
2025-02-28 07:00:00,Mumbai CST,4,1144,2086,High,6312,1922,Night
2025-02-28 07:10:00,New Delhi,4,1045,1994,High,5410,9102,Morning
2025-02-28 07:20:00,New Delhi,4,725,4748,Medium,6143,8036,Morning
2025-02-28 07:30:00,Howrah,1,1182,2313,Medium,3698,360,Night
2025-02-28 07:40:00,New Delhi,5,980,1868,Medium,2523,3336,Morning
2025-02-28 07:50:00,Howrah,1,1859,4074,High,800,7038,Night
2025-02-28 08:00:00,Howrah,4,704,1098,Medium,4231,6524,Evening
2025-02-28 08:10:00,Chennai Central,4,699,2812,High,8434,9389,Evening
2025-02-28 08:20:00,Mumbai CST,3,1581,903,High,1624,9500,Evening
2025-02-28 08:30:00,Howrah,2,1447,3090,Low,8823,3790,Morning
2025-02-28 08:40:00,Bangalore City,4,1541,4124,Low,3996,6908,Night
2025-02-28 08:50:00,Mumbai CST,2,1120,3517,Low,3738,476,Evening
2025-02-28 09:00:00,Mumbai CST,4,1778,4351,Medium,6038,3529,Evening
2025-02-28 09:10:00,Mumbai CST,5,1231,2136,High,9723,5329,Evening
2025-02-28 09:20:00,Chennai Central,3,1267,1298,High,9610,1344,Night
2025-02-28 09:30:00,Howrah,3,1043,1440,High,6512,3921,Afternoon
2025-02-28 09:40:00,Chennai Central,1,1743,2423,Low,2611,3511,Evening
2025-02-28 09:50:00,Bangalore City,2,1596,3953,High,6716,4251,Afternoon
2025-02-28 10:00:00,Bangalore City,3,602,2206,Low,2576,2940,Night
2025-02-28 10:10:00,Mumbai CST,1,1165,589,Medium,1664,9806,Evening
2025-02-28 10:20:00,Bangalore City,3,1949,2887,Low,7438,5628,Evening
2025-02-28 10:30:00,Bangalore City,2,1619,4660,Medium,9627,2678,Morning
2025-02-28 10:40:00,New Delhi,4,1425,679,High,8108,7289,Night
2025-02-28 10:50:00,Howrah,4,1165,4585,High,2609,5387,Morning
2025-02-28 11:00:00,Mumbai CST,3,1585,1593,High,8605,6486,Evening
2025-02-28 11:10:00,Mumbai CST,1,512,4421,High,2371,1373,Afternoon
2025-02-28 11:20:00,Bangalore City,5,799,4455,High,1209,1767,Evening
2025-02-28 11:30:00,Mumbai CST,4,944,1448,High,3062,5016,Afternoon
2025-02-28 11:40:00,Mumbai CST,5,969,3516,High,5426,2006,Night
2025-02-28 11:50:00,New Delhi,5,1097,4416,Low,2413,7200,Afternoon
2025-02-28 12:00:00,New Delhi,2,866,2766,Medium,5857,4232,Night
2025-02-28 12:10:00,New Delhi,4,1038,805,High,6110,1867,Evening
2025-02-28 12:20:00,New Delhi,5,1754,1077,Low,4212,6668,Evening
2025-02-28 12:30:00,Mumbai CST,5,1768,747,Low,8690,5589,Night
2025-02-28 12:40:00,Mumbai CST,1,1445,916,Medium,5162,5981,Evening
2025-02-28 12:50:00,Howrah,5,1681,1126,Medium,5802,9600,Afternoon
2025-02-28 13:00:00,New Delhi,5,1596,1135,Medium,8845,2767,Evening
2025-02-28 13:10:00,Chennai Central,1,817,1804,Medium,5825,4070,Evening
2025-02-28 13:20:00,Howrah,3,1078,1481,High,3045,5848,Morning
2025-02-28 13:30:00,Bangalore City,4,1650,2937,High,6511,966,Evening
2025-02-28 13:40:00,Chennai Central,3,1778,2593,High,7095,807,Afternoon
2025-02-28 13:50:00,Mumbai CST,1,1637,2593,Medium,9630,4406,Night
2025-02-28 14:00:00,New Delhi,1,1601,1556,High,3883,969,Evening
2025-02-28 14:10:00,Howrah,4,1590,4096,High,9486,3197,Evening
2025-02-28 14:20:00,Howrah,1,1572,649,Low,8901,4157,Night
2025-02-28 14:30:00,New Delhi,5,640,4596,Low,567,3998,Night
2025-02-28 14:40:00,Bangalore City,3,822,1249,Low,7563,4213,Evening
2025-02-28 14:50:00,Chennai Central,1,1965,4121,High,3532,6324,Afternoon
2025-02-28 15:00:00,Bangalore City,3,1244,772,Medium,9082,4437,Morning
2025-02-28 15:10:00,Mumbai CST,5,1317,1920,High,1796,3892,Morning
2025-02-28 15:20:00,Chennai Central,1,1060,2180,High,6662,5932,Afternoon
2025-02-28 15:30:00,Mumbai CST,3,1352,959,High,5246,8276,Night
2025-02-28 15:40:00,Mumbai CST,4,592,4158,High,6581,987,Afternoon
2025-02-28 15:50:00,Bangalore City,4,1598,2333,Medium,2126,5362,Night
2025-02-28 16:00:00,Bangalore City,5,658,3352,Medium,3390,6908,Morning
2025-02-28 16:10:00,Chennai Central,5,1465,4252,Medium,6480,2358,Afternoon
2025-02-28 16:20:00,New Delhi,1,1560,3897,High,2938,4010,Night
2025-02-28 16:30:00,Chennai Central,3,589,2340,Low,4237,242,Morning
2025-02-28 16:40:00,New Delhi,4,1886,3951,High,4446,7811,Morning
2025-02-28 16:50:00,Mumbai CST,1,777,1547,Low,7131,9541,Night
2025-02-28 17:00:00,Mumbai CST,2,576,2298,Medium,9844,2044,Evening
2025-02-28 17:10:00,Bangalore City,1,1093,4857,High,7774,5855,Evening
2025-02-28 17:20:00,Chennai Central,5,1587,3986,Medium,6625,5414,Morning
2025-02-28 17:30:00,New Delhi,5,1939,4039,Medium,2859,1635,Night
2025-02-28 17:40:00,Howrah,5,544,2211,Medium,4224,8118,Evening
2025-02-28 17:50:00,Howrah,1,1340,2193,Medium,5580,4479,Afternoon
2025-02-28 18:00:00,New Delhi,3,1413,765,High,6521,7056,Evening
2025-02-28 18:10:00,Mumbai CST,4,1105,3609,Medium,6970,9298,Morning
2025-02-28 18:20:00,Bangalore City,2,1237,2480,Medium,4442,7873,Evening
2025-02-28 18:30:00,New Delhi,5,705,1782,Medium,6990,1551,Afternoon
2025-02-28 18:40:00,Howrah,3,1056,1454,Medium,3219,8513,Morning
2025-02-28 18:50:00,Chennai Central,4,1215,1115,Low,5777,2222,Afternoon
2025-02-28 19:00:00,Mumbai CST,2,1782,3505,High,7613,5002,Night
2025-02-28 19:10:00,New Delhi,4,574,2831,Medium,6306,5722,Evening
2025-02-28 19:20:00,Chennai Central,3,1557,3636,Medium,7862,7511,Afternoon
2025-02-28 19:30:00,Howrah,1,1476,4400,High,2116,8620,Afternoon
2025-02-28 19:40:00,Bangalore City,3,1510,2566,Low,9408,6565,Morning
2025-02-28 19:50:00,Chennai Central,4,1206,3003,High,1098,5314,Evening
2025-02-28 20:00:00,Howrah,2,1073,1332,Low,6446,6981,Morning
2025-02-28 20:10:00,New Delhi,2,1482,4223,Medium,5130,5379,Night
2025-02-28 20:20:00,New Delhi,1,1226,2685,Medium,5500,3248,Evening
2025-02-28 20:30:00,Mumbai CST,2,1806,3841,Medium,1410,4300,Evening
2025-02-28 20:40:00,Howrah,5,965,1149,High,1058,2432,Afternoon
2025-02-28 20:50:00,Chennai Central,4,1741,2527,High,8510,442,Morning
2025-02-28 21:00:00,Mumbai CST,4,1202,1783,Medium,6586,5407,Afternoon
2025-02-28 21:10:00,Bangalore City,3,789,2604,High,4178,1620,Morning
2025-02-28 21:20:00,Howrah,1,613,1784,High,8981,4142,Evening
2025-02-28 21:30:00,New Delhi,1,806,530,Low,5891,2188,Night
2025-02-28 21:40:00,New Delhi,2,1754,3592,Low,2527,4886,Evening
2025-02-28 21:50:00,Howrah,1,1868,1885,Low,8592,9153,Evening
2025-02-28 22:00:00,New Delhi,5,503,4896,Medium,8300,7619,Morning
2025-02-28 22:10:00,Bangalore City,2,1960,4240,High,942,3882,Morning
2025-02-28 22:20:00,Chennai Central,2,1786,2389,Medium,2029,408,Morning
2025-02-28 22:30:00,Mumbai CST,2,1690,1985,Low,942,3069,Evening
2025-02-28 22:40:00,Mumbai CST,5,1293,3923,Medium,2044,7366,Morning
2025-02-28 22:50:00,New Delhi,1,1502,2172,Low,5043,5780,Afternoon
2025-02-28 23:00:00,Howrah,5,1002,3269,Medium,1804,5784,Evening
2025-02-28 23:10:00,Howrah,1,737,600,Low,9893,916,Morning
2025-02-28 23:20:00,Chennai Central,1,1071,2546,Medium,1865,4989,Evening
2025-02-28 23:30:00,Bangalore City,1,1816,1774,Medium,558,1626,Night
2025-02-28 23:40:00,Bangalore City,3,1602,3829,High,3821,3503,Night
2025-02-28 23:50:00,Chennai Central,3,1294,2228,High,9435,4009,Evening
2025-03-01 00:00:00,Bangalore City,3,687,3848,High,518,3137,Afternoon
2025-03-01 00:10:00,Chennai Central,2,1945,2711,Medium,3373,4330,Afternoon
2025-03-01 00:20:00,New Delhi,3,1569,4935,High,5308,7980,Afternoon
2025-03-01 00:30:00,Chennai Central,5,545,2426,High,6473,1448,Evening
2025-03-01 00:40:00,Bangalore City,3,1165,1324,High,3275,9756,Evening
2025-03-01 00:50:00,Mumbai CST,3,1305,857,Low,4568,3234,Evening
2025-03-01 01:00:00,New Delhi,5,592,2060,High,6299,2006,Night
2025-03-01 01:10:00,New Delhi,3,1912,1854,Low,1504,3174,Night
2025-03-01 01:20:00,Mumbai CST,4,1492,4592,Low,8737,2443,Morning
2025-03-01 01:30:00,Chennai Central,5,1828,3996,Medium,7265,6439,Afternoon
2025-03-01 01:40:00,Mumbai CST,5,784,776,Low,6679,3664,Morning
2025-03-01 01:50:00,New Delhi,1,1697,2533,High,1378,9660,Evening
2025-03-01 02:00:00,Mumbai CST,4,1007,2400,Low,3660,6010,Night
2025-03-01 02:10:00,Howrah,4,669,1789,High,6004,6053,Night
2025-03-01 02:20:00,Chennai Central,5,1124,789,Medium,2421,2248,Night
2025-03-01 02:30:00,Mumbai CST,4,1590,3969,High,7671,2790,Morning
2025-03-01 02:40:00,Mumbai CST,3,1284,1481,Medium,8277,5511,Morning
2025-03-01 02:50:00,New Delhi,3,988,4953,Low,3193,4494,Afternoon
2025-03-01 03:00:00,Chennai Central,1,1862,1542,Medium,5449,3824,Night
2025-03-01 03:10:00,Bangalore City,3,1354,964,Medium,2283,8237,Night
2025-03-01 03:20:00,Howrah,1,1853,1580,Medium,3359,8697,Evening
2025-03-01 03:30:00,New Delhi,1,1222,2565,High,1015,2792,Night
2025-03-01 03:40:00,Bangalore City,2,834,3090,Low,6322,257,Night
2025-03-01 03:50:00,Bangalore City,1,877,4925,High,2828,7205,Afternoon
2025-03-01 04:00:00,Bangalore City,3,914,2939,Medium,9851,3040,Afternoon
2025-03-01 04:10:00,Bangalore City,4,1710,3470,Low,8778,9115,Night
2025-03-01 04:20:00,Mumbai CST,5,1058,3213,High,7002,7766,Night
2025-03-01 04:30:00,New Delhi,5,1199,4729,Medium,8600,9115,Afternoon
2025-03-01 04:40:00,Howrah,4,646,2230,Low,5145,2186,Night
2025-03-01 04:50:00,Mumbai CST,4,1000,3324,Low,5896,5080,Afternoon
2025-03-01 05:00:00,Mumbai CST,2,982,4386,Low,5785,8812,Evening
2025-03-01 05:10:00,New Delhi,3,1825,4203,Medium,5597,6542,Evening
2025-03-01 05:20:00,Bangalore City,5,1933,4850,Low,4599,1957,Morning
2025-03-01 05:30:00,Bangalore City,1,1371,2541,High,2275,9003,Morning
2025-03-01 05:40:00,New Delhi,1,1157,2379,High,1483,2564,Night
2025-03-01 05:50:00,Chennai Central,4,1623,4306,High,9079,5457,Evening
2025-03-01 06:00:00,Howrah,2,1429,2360,Medium,9786,2248,Afternoon
2025-03-01 06:10:00,Howrah,3,1646,4572,Medium,9820,8074,Morning
2025-03-01 06:20:00,Bangalore City,3,578,2461,High,1524,8183,Afternoon
2025-03-01 06:30:00,Bangalore City,5,1721,1207,High,4181,3431,Afternoon
2025-03-01 06:40:00,Chennai Central,1,1471,2798,High,7829,5885,Evening
2025-03-01 06:50:00,Mumbai CST,5,1789,1026,Low,7375,4481,Afternoon
2025-03-01 07:00:00,Mumbai CST,4,1748,2961,Low,4486,7378,Morning
2025-03-01 07:10:00,Howrah,5,1834,848,Medium,2429,2529,Morning
2025-03-01 07:20:00,Bangalore City,1,743,1411,Medium,9985,8666,Night
2025-03-01 07:30:00,Mumbai CST,1,1920,2290,Medium,1288,1484,Evening
2025-03-01 07:40:00,Mumbai CST,5,1160,1400,High,3454,811,Morning
2025-03-01 07:50:00,Howrah,1,1753,3408,Low,5692,1913,Night
2025-03-01 08:00:00,Mumbai CST,1,1258,4858,High,8093,7660,Night
2025-03-01 08:10:00,New Delhi,4,1710,1179,High,5160,5629,Evening
2025-03-01 08:20:00,Mumbai CST,4,1595,2728,Medium,865,5862,Afternoon
2025-03-01 08:30:00,Chennai Central,3,1332,4260,Low,3786,826,Afternoon
2025-03-01 08:40:00,Bangalore City,4,789,4871,Medium,2771,1707,Afternoon
2025-03-01 08:50:00,Howrah,1,1534,2118,High,9132,4989,Evening
2025-03-01 09:00:00,Bangalore City,2,1249,1534,Medium,4217,789,Afternoon
2025-03-01 09:10:00,Mumbai CST,2,1659,2333,High,6664,6230,Evening
2025-03-01 09:20:00,Bangalore City,2,1627,1275,Low,4009,6530,Night
2025-03-01 09:30:00,Howrah,1,1091,596,Low,9390,6943,Morning
2025-03-01 09:40:00,Mumbai CST,5,1045,3405,Low,8684,691,Afternoon
2025-03-01 09:50:00,Chennai Central,3,765,1466,High,7185,5936,Afternoon
2025-03-01 10:00:00,Howrah,5,1176,1221,High,8127,5349,Afternoon
2025-03-01 10:10:00,Chennai Central,3,568,2742,Medium,5689,6631,Night
2025-03-01 10:20:00,Howrah,5,1728,4311,High,7421,6348,Morning
2025-03-01 10:30:00,Mumbai CST,1,941,1683,Medium,1162,8787,Afternoon
2025-03-01 10:40:00,Mumbai CST,3,1833,2603,Low,9261,7854,Afternoon
2025-03-01 10:50:00,Howrah,5,903,2816,High,6357,4698,Night
2025-03-01 11:00:00,Howrah,3,624,1277,Low,7901,6250,Afternoon
2025-03-01 11:10:00,Bangalore City,3,1191,1219,High,3189,3177,Afternoon
2025-03-01 11:20:00,Howrah,1,1546,924,Medium,4445,966,Morning
2025-03-01 11:30:00,Howrah,5,1024,4220,Medium,9602,8663,Morning
2025-03-01 11:40:00,New Delhi,4,1991,2109,Low,3384,9275,Afternoon
2025-03-01 11:50:00,Howrah,5,1334,2557,High,9186,8478,Morning
2025-03-01 12:00:00,Howrah,1,608,2826,Medium,1148,3325,Evening
2025-03-01 12:10:00,New Delhi,1,1089,841,Low,5736,8012,Night
2025-03-01 12:20:00,Mumbai CST,4,1141,1026,Low,2571,7842,Afternoon
2025-03-01 12:30:00,Chennai Central,4,887,2929,Low,9173,5935,Afternoon
2025-03-01 12:40:00,Howrah,1,677,862,High,2365,1263,Night
2025-03-01 12:50:00,Bangalore City,4,1376,1558,Medium,1950,9636,Afternoon
2025-03-01 13:00:00,New Delhi,3,935,4907,High,4718,2067,Night
2025-03-01 13:10:00,Bangalore City,2,1356,2914,Low,510,7638,Morning
2025-03-01 13:20:00,New Delhi,2,1168,4122,Medium,1041,8732,Evening
2025-03-01 13:30:00,Chennai Central,1,665,2104,Low,7306,8301,Morning
2025-03-01 13:40:00,Mumbai CST,5,864,3436,Medium,8752,4443,Evening
2025-03-01 13:50:00,Bangalore City,3,1495,1916,High,3656,9533,Evening
2025-03-01 14:00:00,Howrah,4,1114,3037,Low,7268,3562,Evening
2025-03-01 14:10:00,Mumbai CST,1,850,4862,High,6604,4706,Evening
2025-03-01 14:20:00,Howrah,2,667,3203,Low,4449,1551,Night
2025-03-01 14:30:00,Bangalore City,4,1594,1326,High,2211,8274,Afternoon
2025-03-01 14:40:00,Bangalore City,1,1126,2002,High,1367,8783,Evening
2025-03-01 14:50:00,Bangalore City,2,1051,2425,Medium,3504,391,Afternoon
2025-03-01 15:00:00,Mumbai CST,4,610,3904,High,7766,7032,Morning
2025-03-01 15:10:00,Mumbai CST,3,1307,4957,Low,5946,882,Morning
2025-03-01 15:20:00,Chennai Central,4,1207,1229,Low,4824,1771,Evening
2025-03-01 15:30:00,Howrah,3,1683,4693,High,1597,782,Morning
2025-03-01 15:40:00,Bangalore City,2,1990,4552,Low,5302,9645,Night
2025-03-01 15:50:00,New Delhi,5,1997,3706,Medium,3641,3597,Evening
2025-03-01 16:00:00,New Delhi,2,899,3955,High,6038,6946,Afternoon
2025-03-01 16:10:00,Howrah,2,799,797,High,9231,795,Evening
2025-03-01 16:20:00,New Delhi,3,1501,864,Medium,799,4806,Afternoon
2025-03-01 16:30:00,Chennai Central,2,1443,3825,High,7880,2698,Evening
2025-03-01 16:40:00,Howrah,4,1554,2084,Medium,5815,3641,Evening
2025-03-01 16:50:00,Howrah,3,1565,3178,High,4719,1616,Morning
2025-03-01 17:00:00,New Delhi,1,684,4131,Low,6202,6148,Morning
2025-03-01 17:10:00,Mumbai CST,3,1223,1879,High,5126,8018,Evening
2025-03-01 17:20:00,Howrah,2,1652,2910,High,6654,8621,Morning
2025-03-01 17:30:00,Howrah,5,532,4275,High,8997,1154,Afternoon
2025-03-01 17:40:00,Mumbai CST,5,1525,992,Medium,3868,2965,Night
2025-03-01 17:50:00,Chennai Central,5,1011,1724,High,3475,7541,Afternoon
2025-03-01 18:00:00,Howrah,1,960,1886,Medium,9262,5141,Afternoon
2025-03-01 18:10:00,Mumbai CST,2,1916,1490,Low,9634,3124,Morning
2025-03-01 18:20:00,Howrah,5,1442,2925,High,2327,2938,Afternoon
2025-03-01 18:30:00,Chennai Central,1,1971,2054,Low,4212,6004,Night
2025-03-01 18:40:00,New Delhi,4,707,4939,Low,6833,2232,Night
2025-03-01 18:50:00,Mumbai CST,1,813,3677,High,1784,8123,Morning
2025-03-01 19:00:00,Howrah,1,611,3961,High,1842,4211,Afternoon
2025-03-01 19:10:00,Chennai Central,3,1576,3629,Medium,7559,6136,Evening
2025-03-01 19:20:00,Bangalore City,1,1169,2494,High,9532,222,Afternoon
2025-03-01 19:30:00,Chennai Central,5,1434,4835,High,5644,8624,Morning
2025-03-01 19:40:00,Howrah,1,1577,882,Medium,3857,9999,Night
2025-03-01 19:50:00,Bangalore City,3,1887,2681,High,1089,8823,Night
2025-03-01 20:00:00,New Delhi,4,1966,1657,Medium,8205,4581,Afternoon
2025-03-01 20:10:00,Chennai Central,4,1193,2025,Medium,4334,6728,Evening
2025-03-01 20:20:00,New Delhi,4,1412,1270,Low,2084,9822,Afternoon
2025-03-01 20:30:00,Mumbai CST,5,1251,2604,Low,9187,8433,Evening
2025-03-01 20:40:00,Howrah,5,1622,2943,Low,9504,9471,Morning
2025-03-01 20:50:00,New Delhi,4,1505,2718,High,8370,6765,Evening
2025-03-01 21:00:00,Bangalore City,1,1184,3810,Low,8701,2052,Night
2025-03-01 21:10:00,Howrah,1,1713,3442,Low,8042,2522,Night
2025-03-01 21:20:00,Howrah,2,1769,3068,Low,1434,9638,Afternoon
2025-03-01 21:30:00,Bangalore City,3,1102,2176,Medium,3521,8862,Afternoon
2025-03-01 21:40:00,New Delhi,1,845,3311,High,3748,7166,Night
2025-03-01 21:50:00,New Delhi,1,1280,3666,High,8645,3680,Morning
2025-03-01 22:00:00,Mumbai CST,1,715,4743,Medium,9378,8261,Afternoon
2025-03-01 22:10:00,Mumbai CST,2,912,3509,Low,1554,692,Night
2025-03-01 22:20:00,New Delhi,3,763,3706,High,1192,7302,Evening
2025-03-01 22:30:00,Howrah,1,1143,4465,Medium,4078,3173,Morning
2025-03-01 22:40:00,Mumbai CST,3,1378,1566,Low,8234,3800,Evening
2025-03-01 22:50:00,Howrah,5,1637,971,Low,5692,7726,Evening
2025-03-01 23:00:00,New Delhi,1,1322,2822,Low,3552,6770,Afternoon
2025-03-01 23:10:00,Bangalore City,4,1158,3289,High,7245,1702,Night
2025-03-01 23:20:00,New Delhi,1,1971,4517,High,9528,7510,Night
2025-03-01 23:30:00,New Delhi,4,1125,4853,Medium,5407,4794,Night
2025-03-01 23:40:00,Bangalore City,2,1773,2265,Medium,4952,3413,Morning
2025-03-01 23:50:00,Howrah,1,604,1464,Medium,2321,3110,Evening
2025-03-02 00:00:00,Mumbai CST,4,1670,4128,Low,9026,1673,Morning
2025-03-02 00:10:00,New Delhi,2,1860,1184,High,5836,2656,Afternoon
2025-03-02 00:20:00,New Delhi,4,1936,3646,High,9127,1685,Morning
2025-03-02 00:30:00,Howrah,2,737,3168,Medium,989,6054,Night
2025-03-02 00:40:00,Chennai Central,1,1575,4569,Low,8588,5101,Evening
2025-03-02 00:50:00,New Delhi,3,1384,3464,Low,1600,1178,Evening
2025-03-02 01:00:00,Howrah,1,1754,3807,High,5677,2698,Morning
2025-03-02 01:10:00,Howrah,4,1474,3062,High,1234,9826,Afternoon
2025-03-02 01:20:00,Chennai Central,3,1392,1511,High,1555,7073,Afternoon
2025-03-02 01:30:00,Mumbai CST,2,698,3174,Medium,9474,6112,Night
2025-03-02 01:40:00,Chennai Central,3,977,657,Low,738,6053,Morning
2025-03-02 01:50:00,Howrah,2,1164,4143,High,5730,7372,Night
2025-03-02 02:00:00,Mumbai CST,2,1684,2965,High,6030,4315,Evening
2025-03-02 02:10:00,Chennai Central,3,740,4678,Medium,1084,1041,Afternoon
2025-03-02 02:20:00,Bangalore City,5,1508,849,High,7734,6173,Afternoon
2025-03-02 02:30:00,Bangalore City,3,1925,4011,Medium,4116,7698,Evening
2025-03-02 02:40:00,Bangalore City,3,1530,1941,Medium,8734,3750,Night
2025-03-02 02:50:00,Chennai Central,5,838,3041,Low,1005,6597,Night
2025-03-02 03:00:00,Chennai Central,2,1943,2830,Low,8460,1358,Evening
2025-03-02 03:10:00,Mumbai CST,4,562,3069,Medium,3239,7699,Night
2025-03-02 03:20:00,Bangalore City,5,1973,587,High,8343,5802,Evening
2025-03-02 03:30:00,Bangalore City,5,1131,3285,High,5953,8608,Evening
2025-03-02 03:40:00,Mumbai CST,5,1434,2457,Low,3766,8739,Evening
2025-03-02 03:50:00,Bangalore City,4,993,4436,Medium,8332,9073,Afternoon
2025-03-02 04:00:00,Bangalore City,1,1663,3224,High,8708,9854,Morning
2025-03-02 04:10:00,Bangalore City,2,1131,992,Low,5280,6552,Evening
2025-03-02 04:20:00,Howrah,2,559,650,High,2108,5452,Afternoon
2025-03-02 04:30:00,Bangalore City,3,1540,1888,Low,4619,1918,Afternoon
2025-03-02 04:40:00,Mumbai CST,5,1406,4358,Low,9252,1246,Night
2025-03-02 04:50:00,Mumbai CST,5,1205,3144,High,4578,9280,Night
2025-03-02 05:00:00,Howrah,4,1426,3839,Medium,9016,7570,Evening
2025-03-02 05:10:00,Chennai Central,5,1378,3344,High,1800,7503,Night
2025-03-02 05:20:00,Howrah,1,1288,4071,Medium,9131,8191,Morning
2025-03-02 05:30:00,Howrah,4,662,2445,Low,2390,7313,Afternoon
2025-03-02 05:40:00,Howrah,5,595,2697,High,1989,4283,Night
2025-03-02 05:50:00,Howrah,5,1190,2554,High,3407,6953,Afternoon
2025-03-02 06:00:00,Bangalore City,1,1996,2762,Medium,6240,6924,Morning
2025-03-02 06:10:00,Mumbai CST,4,563,3311,High,1939,8437,Morning
2025-03-02 06:20:00,Chennai Central,4,725,1366,Low,4632,1789,Night
2025-03-02 06:30:00,Bangalore City,4,525,3358,Medium,4225,9132,Night
2025-03-02 06:40:00,New Delhi,3,1138,3520,Medium,6702,1454,Night
2025-03-02 06:50:00,Howrah,2,1868,2201,Medium,7570,5938,Afternoon
2025-03-02 07:00:00,Bangalore City,4,1024,3652,Low,7025,683,Night
2025-03-02 07:10:00,Mumbai CST,5,1805,4583,Medium,8165,8463,Evening
2025-03-02 07:20:00,Chennai Central,2,1912,1868,Low,3415,5312,Evening
2025-03-02 07:30:00,Mumbai CST,2,1406,2683,Low,2762,990,Afternoon
2025-03-02 07:40:00,Howrah,3,1743,3229,High,4009,6367,Morning
2025-03-02 07:50:00,New Delhi,3,1197,4388,Low,1830,4820,Afternoon
2025-03-02 08:00:00,Howrah,4,1920,4053,High,9832,6331,Evening
2025-03-02 08:10:00,Chennai Central,1,685,2587,Medium,2339,3112,Night
2025-03-02 08:20:00,Chennai Central,1,777,3034,High,9812,7865,Afternoon
2025-03-02 08:30:00,Mumbai CST,4,1429,3530,Medium,7185,3950,Night
2025-03-02 08:40:00,Chennai Central,1,1094,727,Medium,2600,4455,Night
2025-03-02 08:50:00,Chennai Central,4,1220,1684,Low,5341,8264,Evening
2025-03-02 09:00:00,Chennai Central,5,1975,1893,High,7355,3240,Morning
2025-03-02 09:10:00,New Delhi,4,1052,1248,High,2082,647,Night
2025-03-02 09:20:00,Bangalore City,2,1358,1643,Medium,1729,1883,Evening
2025-03-02 09:30:00,Mumbai CST,5,1984,1950,Low,7142,5894,Night
2025-03-02 09:40:00,Bangalore City,4,757,1518,High,5267,1973,Morning
2025-03-02 09:50:00,Bangalore City,1,545,896,Low,5316,8515,Night
2025-03-02 10:00:00,New Delhi,4,1055,4744,Medium,4320,1414,Morning
2025-03-02 10:10:00,Chennai Central,5,946,1260,Low,1919,5507,Night
2025-03-02 10:20:00,New Delhi,4,675,2631,High,2071,6180,Afternoon
2025-03-02 10:30:00,Chennai Central,5,1306,4060,High,3603,8719,Afternoon
